Handle,Title,Body (HTML),Vendor,Type,Tags,Published,Option1 Name,Option1 Value,Variant Grams,Variant Inventory Qty,Variant Inventory Policy,Variant Fulfillment Service,Variant Price,Variant Compare At Price,Variant Requires Shipping,Variant Taxable,Image Src,Image Position,Image Alt Text,Status
simba-masha-and-her-animal-friends-multicolour-3y-simba,Simba Masha And Her Animal Friends Multicolour 3Y+ - Simba,"<p>The Simba Masha And Her Animal Friends toy set is a vibrant and fun addition to any child's playtime. Featuring Masha, a beloved character from the popular \</p>",,Toys and Games,"toys, 4-7-years, girls, pretend-and-play, dolls",TRUE,,,,,deny,manual,1499.00,,TRUE,TRUE,https://cdn.fynd.com/v2/falling-surf-7c8bb8/fyprod/wrkr/products/pictures/item/free/original/simba/493175289/1/MX-7e0quhu-493175289_1.jpg,1,Simba Masha And Her Animal Friends Multicolour 3Y+ - Simba,active
simba-masha-and-her-animal-friends-multicolour-3y-simba,,,,,,,,,,,,,,,,,https://cdn.fynd.com/v2/falling-surf-7c8bb8/fyprod/wrkr/products/pictures/item/free/original/simba/493175289/2/qZemZ2o9Im-493175289_2.jpg,2,Simba Masha And Her Animal Friends Multicolour 3Y+ - Simba,
simba-masha-and-her-animal-friends-multicolour-3y-simba,,,,,,,,,,,,,,,,,https://cdn.fynd.com/v2/falling-surf-7c8bb8/fyprod/wrkr/products/pictures/item/free/original/simba/493175289/3/ukUcYN2rPI-493175289_3.jpg,3,Simba Masha And Her Animal Friends Multicolour 3Y+ - Simba,
simba-masha-and-her-animal-friends-multicolour-3y-simba,,,,,,,,,,,,,,,,,https://cdn.fynd.com/v2/falling-surf-7c8bb8/fyprod/wrkr/products/pictures/item/free/original/simba/493175289/4/Jj8K4Wg1Qc-493175289_4.jpg,4,Simba Masha And Her Animal Friends Multicolour 3Y+ - Simba,
simba-masha-and-her-animal-friends-multicolour-3y-simba,,,,,,,,,,,,,,,,,https://cdn.fynd.com/v2/falling-surf-7c8bb8/fyprod/wrkr/products/pictures/item/free/original/simba/493175289/0/lVgzzocgMa-493175289-4.jpg,5,Simba Masha And Her Animal Friends Multicolour 3Y+ - Simba,
barbie-diwali-anita-dongre-doll-6y-barbie,"Barbie Diwali Anita Dongre Doll, 6Y+ - Barbie","<p>To celebrate the Festival of Lights, Barbie Diwali doll glows in her finest lehenga from Anita Dongre, the Indian couturier who has built a global fashion empire with a mission to empower rural women artisans and sustain the exquisite craftsmanship of the country. Intertwining the time-honored crafts of her heritage with contemporary silhouettes, every garment from Anita Dongre is both a labor of love and an exquisite work of art. To rejoice the victory of light over darkness, Barbie wears her Moonlight Bloom set with a choli top, floral koti vest, and lehenga skirt lush with dahlias, jasmine, and Indian lotus representing strength and beauty. She finishes her look with golden bangles and earrings that dazzle by the light. May Barbie and Anita Dongre’s rich artistry illuminate your Diwali festivities with joy, grace, and peace.</p>",,Dolls,"toys, dolls, barbie, 4-7-years, 8+-years, pretend-and-play, indian-doll, trending-now, trending-products",TRUE,,,,,deny,manual,1999.00,,TRUE,TRUE,https://cdn.fynd.com/v2/falling-surf-7c8bb8/fyprod/wrkr/products/pictures/item/free/original/NrSf25xiD-product.jpeg,1,"Barbie Diwali Anita Dongre Doll, 6Y+ - Barbie",active
barbie-diwali-anita-dongre-doll-6y-barbie,,,,,,,,,,,,,,,,,https://cdn.fynd.com/v2/falling-surf-7c8bb8/fyprod/wrkr/products/pictures/item/free/original/barbie/494500234/1/gO9XKC4cct-494500234-2_2089.webp,2,"Barbie Diwali Anita Dongre Doll, 6Y+ - Barbie",
barbie-diwali-anita-dongre-doll-6y-barbie,,,,,,,,,,,,,,,,,https://cdn.fynd.com/v2/falling-surf-7c8bb8/fyprod/wrkr/products/pictures/item/free/original/barbie/494500234/2/lrnjJ8c3YL-494500234-3_4808.webp,3,"Barbie Diwali Anita Dongre Doll, 6Y+ - Barbie",
barbie-diwali-anita-dongre-doll-6y-barbie,,,,,,,,,,,,,,,,,https://cdn.fynd.com/v2/falling-surf-7c8bb8/fyprod/wrkr/products/pictures/item/free/original/barbie/494500234/3/_T1b61qnI--494500234-4_1169.webp,4,"Barbie Diwali Anita Dongre Doll, 6Y+ - Barbie",
barbie-diwali-anita-dongre-doll-6y-barbie,,,,,,,,,,,,,,,,,https://cdn.fynd.com/v2/falling-surf-7c8bb8/fyprod/wrkr/products/pictures/item/free/original/barbie/494500234/5/52cxauZGBp-494500234-6_9597.webp,5,"Barbie Diwali Anita Dongre Doll, 6Y+ - Barbie",
barbie-diwali-anita-dongre-doll-6y-barbie,,,,,,,,,,,,,,,,,https://cdn.fynd.com/v2/falling-surf-7c8bb8/fyprod/wrkr/products/pictures/item/free/original/barbie/494500234/4/oLFXGwate5-494500234-5_7523.webp,6,"Barbie Diwali Anita Dongre Doll, 6Y+ - Barbie",
barbie-diwali-anita-dongre-doll-6y-barbie,,,,,,,,,,,,,,,,,https://cdn.fynd.com/v2/falling-surf-7c8bb8/fyprod/wrkr/products/pictures/item/free/original/barbie/494500234/6/66_yTmOO4D-494500234-7_7406.webp,7,"Barbie Diwali Anita Dongre Doll, 6Y+ - Barbie",
barbie-diwali-anita-dongre-doll-6y-barbie,,,,,,,,,,,,,,,,,https://cdn.fynd.com/v2/falling-surf-7c8bb8/fyprod/wrkr/products/pictures/item/free/original/barbie/494500234/0/ncj7EBNJ0g-494500234-1_4374.webp,8,"Barbie Diwali Anita Dongre Doll, 6Y+ - Barbie",
barbie-diwali-anita-dongre-doll-6y-barbie,,,,,,,,,,,,,,,,,https://cdn.fynd.com/v2/falling-surf-7c8bb8/fyprod/wrkr/products/pictures/item/free/original/barbie/494500234/7/s-WAsX6K5N-494500234-8_5914.webp,9,"Barbie Diwali Anita Dongre Doll, 6Y+ - Barbie",
barbie-baby-doctor-playset-with-blonde-doll-infant-doll-stethoscope-thermometer-oscilloscope-chart-blanket-baby-bottle-kids-for-3y-multicolour-barbie,"Barbie Baby Doctor Playset with Blonde Doll, Infant Doll, Stethoscope, Thermometer, Oscilloscope, Chart, Blanket & Baby Bottle, Kids for 3Y+, Multicolour - Barbie","<p>The Barbie Baby Doctor Playset is an engaging and colorful toy that allows children aged 3 years and above to step into the role of a caring baby doctor. With a blonde Barbie doll, an infant doll, and a variety of medical accessories, this playset provides endless opportunities for nurturing and imaginative play. The highlight of this playset is the baby doctor role-playing experience. Children can take on the role of a compassionate and skilled doctor, providing care and comfort to the adorable infant doll. They can use the included medical accessories to perform check-ups, monitor the baby's health, and create nurturing storylines. The playset features a blonde Barbie doll dressed in a doctor's outfit, ready to provide medical expertise and care. With the doll as their guide, children can engage in imaginative play and learn about the importance of empathy and healthcare. The set includes a range of medical accessories to enhance the role-playing experience. Kids can use the stethoscope to listen to the baby's heartbeat, the thermometer to check their temperature, and the oscilloscope to monitor their vital signs. The chart allows them to record important information, while the blanket and baby bottle provide comfort and nourishment. Designed with the safety and developmental needs of children in mind, this toy is suitable for kids aged 3 years and above. It offers age-appropriate play and encourages creativity, role-playing, and imaginative thinking. The Barbie Baby Doctor Playset features a vibrant and multicolored design, capturing the attention of young children. The colorful palette adds visual appeal to playtime, stimulating their imagination and creating an engaging play environment. The Barbie Baby Doctor Playset with a blonde doll, infant doll, and medical accessories is a perfect gift for young children who enjoy caring for others and exploring the world of healthcare. It promotes nurturing skills, empathy, and imaginative play while providing hours of entertainment and fun. Whether it's performing check-ups or soothing the baby doll, this playset allows children to embark on their own medical adventures and develop a sense of compassion and responsibility.</p>",,Dolls,"toys, dolls, barbie, 4-7-years, 8+-years, pretend-and-play, indian-doll, trending-now, trending-products",TRUE,,,,,deny,manual,1499.00,,TRUE,TRUE,https://cdn.fynd.com/v2/falling-surf-7c8bb8/fyprod/wrkr/products/pictures/item/free/original/OIKd7ZS5E-product.jpeg,1,"Barbie Baby Doctor Playset with Blonde Doll, Infant Doll, Stethoscope, Thermometer, Oscilloscope, Chart, Blanket & Baby Bottle, Kids for 3Y+, Multicolour - Barbie",active
barbie-baby-doctor-playset-with-blonde-doll-infant-doll-stethoscope-thermometer-oscilloscope-chart-blanket-baby-bottle-kids-for-3y-multicolour-barbie,,,,,,,,,,,,,,,,,https://cdn.fynd.com/v2/falling-surf-7c8bb8/fyprod/wrkr/products/pictures/item/free/original/MWeT8oaS--product.jpeg,2,"Barbie Baby Doctor Playset with Blonde Doll, Infant Doll, Stethoscope, Thermometer, Oscilloscope, Chart, Blanket & Baby Bottle, Kids for 3Y+, Multicolour - Barbie",
barbie-baby-doctor-playset-with-blonde-doll-infant-doll-stethoscope-thermometer-oscilloscope-chart-blanket-baby-bottle-kids-for-3y-multicolour-barbie,,,,,,,,,,,,,,,,,https://cdn.fynd.com/v2/falling-surf-7c8bb8/fyprod/wrkr/products/pictures/item/free/original/barbie/493663103/0/oEwQySMtvt-493663103-3_2673.webp,3,"Barbie Baby Doctor Playset with Blonde Doll, Infant Doll, Stethoscope, Thermometer, Oscilloscope, Chart, Blanket & Baby Bottle, Kids for 3Y+, Multicolour - Barbie",
barbie-baby-doctor-playset-with-blonde-doll-infant-doll-stethoscope-thermometer-oscilloscope-chart-blanket-baby-bottle-kids-for-3y-multicolour-barbie,,,,,,,,,,,,,,,,,https://cdn.fynd.com/v2/falling-surf-7c8bb8/fyprod/wrkr/products/pictures/item/free/original/Y506iU18O-product.jpeg,4,"Barbie Baby Doctor Playset with Blonde Doll, Infant Doll, Stethoscope, Thermometer, Oscilloscope, Chart, Blanket & Baby Bottle, Kids for 3Y+, Multicolour - Barbie",
barbie-blonde-doll-in-pink-and-white-swimsuit-with-sun-hat-tote-bag-and-beach-themed-accessories-3y-multicolour-barbie,"Barbie Blonde Doll in Pink and White Swimsuit with Sun Hat, Tote Bag and Beach-Themed Accessories, 3Y+, Multicolour - Barbie","<p>Let the sunshine in with the Barbie Blonde Doll, ready for a day of beach adventure. This doll is dressed in a stylish pink and white swimsuit, bringing the joy of summertime fun right into playtime. The Barbie Blonde Doll is beach-ready with her trendy pink and white swimsuit. Whether it's swimming in the ocean or lounging by the pool, this doll is the perfect companion for beach-themed play. Children can imagine exciting water activities or create their own beach adventures with this fashionable doll. To complete the beach look, the doll comes with a sun hat and a tote bag. The sun hat not only adds a touch of style but also provides sun protection for Barbie's sunny escapades. The tote bag allows children to carry beach essentials and adds a realistic element to the play experience. The set includes various beach-themed accessories that enhance the play value. Sunglasses, a water bottle, and a beach ball are just a few of the accessories that come with the doll. These accessories add to the imaginative play and allow children to create realistic beach scenarios or invent their own seaside stories. Designed for children aged 3 and above, this Barbie doll is suitable for preschoolers and young children. Its size and features are age-appropriate, allowing little hands to easily hold and play with the doll. As children engage in imaginative play with the Barbie Blonde Doll, they develop important skills such as creativity, storytelling, and fine motor skills. The doll and accessories feature a vibrant multicolour design that adds visual appeal and captures the essence of beach fun. The bright colors and intricate details make the doll visually captivating and engaging for young children. The multicolour design enhances the overall play experience and sparks the imagination of kids as they immerse themselves in the sunny world of Barbie's beach adventures. In summary, the Barbie Blonde Doll with a pink and white swimsuit, sun hat, tote bag, and beach-themed accessories offers a delightful and imaginative play experience. With its beach-ready features, age-appropriate design, and vibrant multicolour aesthetic, this doll invites children aged 3 and above to enjoy the excitement of beach play, create their own sunny stories, and explore their imagination through playtime with Barbie.</p>",,Dolls,"toys, dolls, barbie, 4-7-years, 8+-years, pretend-and-play, indian-doll, trending-now, trending-products",TRUE,,,,,deny,manual,1299.00,,TRUE,TRUE,,,"Barbie Blonde Doll in Pink and White Swimsuit with Sun Hat, Tote Bag and Beach-Themed Accessories, 3Y+, Multicolour - Barbie",active
barbie-doll-pet-playset-3y-multicolour-barbie,"Barbie Doll Pet Playset, 3Y+, Multicolour - Barbie","<p>The Barbie Doll Pet Playset creates the ultimate pet playdate with Barbie, her puppy, and bunny pets in their vibrant and colorful playhouse. The playhouse features a multi-level design with plenty of space for the pets to eat, sleep, and play. Fun features such as peekaboo hideouts and a translucent blue slide inspire super-sweet storytelling, allowing kids to engage in imaginative play.\n\nBarbie doll is ready for a day of play in a stylish dress with a fun print and cool, casual sneakers. With her, two adorable pets, and the captivating playhouse, this Barbie pet playset offers numerous storytelling opportunities for kids aged 3 years and above.\n\nThe playset is designed to encourage creativity and imaginative play as kids explore the various activities Barbie and her pets can enjoy in their playhouse. The bright and colorful design adds to the appeal of the playset, making it visually engaging for young animal lovers.\n\nAs a great gift for kids, the Barbie Doll Pet Playset brings the joy of pet ownership and playdates to life. The doll cannot stand alone, adding a touch of realism to the play scenarios. Colors and decorations may vary, providing variety in each playset.</p>",,Dolls,"toys, dolls, barbie, 4-7-years, 8+-years, pretend-and-play, indian-doll, trending-now, trending-products",TRUE,,,,,deny,manual,1999.00,,TRUE,TRUE,https://cdn.fynd.com/v2/falling-surf-7c8bb8/fyprod/wrkr/products/pictures/item/free/original/barbie/493664309/0/hDQ9vfC3lF-493664309-1.jpg,1,"Barbie Doll Pet Playset, 3Y+, Multicolour - Barbie",active
barbie-doll-pet-playset-3y-multicolour-barbie,,,,,,,,,,,,,,,,,https://cdn.fynd.com/v2/falling-surf-7c8bb8/fyprod/wrkr/products/pictures/item/free/original/barbie/493664309/2/6CM5fMYz70R-493664309-3.jpg,2,"Barbie Doll Pet Playset, 3Y+, Multicolour - Barbie",
barbie-doll-pet-playset-3y-multicolour-barbie,,,,,,,,,,,,,,,,,https://cdn.fynd.com/v2/falling-surf-7c8bb8/fyprod/wrkr/products/pictures/item/free/original/barbie/493664309/3/DeXULS_WRnw-493664309-4.jpg,3,"Barbie Doll Pet Playset, 3Y+, Multicolour - Barbie",
barbie-doll-pet-playset-3y-multicolour-barbie,,,,,,,,,,,,,,,,,https://cdn.fynd.com/v2/falling-surf-7c8bb8/fyprod/wrkr/products/pictures/item/free/original/barbie/493664309/4/i5aXMBHhb6I-493664309-5.jpg,4,"Barbie Doll Pet Playset, 3Y+, Multicolour - Barbie",
barbie-doll-pet-playset-3y-multicolour-barbie,,,,,,,,,,,,,,,,,https://cdn.fynd.com/v2/falling-surf-7c8bb8/fyprod/wrkr/products/pictures/item/free/original/barbie/493664309/1/KZ34Uq_B8e-493664309-2.jpg,5,"Barbie Doll Pet Playset, 3Y+, Multicolour - Barbie",
barbie-doll-pet-playset-3y-multicolour-barbie,,,,,,,,,,,,,,,,,https://cdn.fynd.com/v2/falling-surf-7c8bb8/fyprod/wrkr/products/pictures/item/free/original/barbie/493664309/5/987IapCxzGm-493664309-6.jpg,6,"Barbie Doll Pet Playset, 3Y+, Multicolour - Barbie",
barbie-chelsea-doll-car-playset-3y-multicolour-barbie,"Barbie Chelsea Doll & Car Playset, 3Y+, Multicolour - Barbie","<p>​Barbie® Club Chelsea™ Doll (6-inch Blonde) with Open-Top Rainbow Unicorn-Themed Car, Pet Puppy, Sticker Sheet & Accessories, Gift for Ages 3 and up.</p>",,Dolls,"toys, dolls, barbie, 4-7-years, 8+-years, pretend-and-play, indian-doll, trending-now, trending-products",TRUE,,,,,deny,manual,1499.00,,TRUE,TRUE,https://cdn.fynd.com/v2/falling-surf-7c8bb8/fyprod/wrkr/products/pictures/item/free/original/kKJi1PJxI-product.jpeg,1,"Barbie Chelsea Doll & Car Playset, 3Y+, Multicolour - Barbie",active
barbie-chelsea-doll-car-playset-3y-multicolour-barbie,,,,,,,,,,,,,,,,,https://cdn.fynd.com/v2/falling-surf-7c8bb8/fyprod/wrkr/products/pictures/item/free/original/barbie/493175462/1/DqCiESan_E-493175462-2_8873.webp,2,"Barbie Chelsea Doll & Car Playset, 3Y+, Multicolour - Barbie",
barbie-chelsea-doll-car-playset-3y-multicolour-barbie,,,,,,,,,,,,,,,,,https://cdn.fynd.com/v2/falling-surf-7c8bb8/fyprod/wrkr/products/pictures/item/free/original/barbie/493175462/2/Li9tI4mkXu-493175462-3_3015.webp,3,"Barbie Chelsea Doll & Car Playset, 3Y+, Multicolour - Barbie",
barbie-chelsea-doll-car-playset-3y-multicolour-barbie,,,,,,,,,,,,,,,,,https://cdn.fynd.com/v2/falling-surf-7c8bb8/fyprod/wrkr/products/pictures/item/free/original/barbie/493175462/3/l5sACN5YqQ-493175462-4_7899.webp,4,"Barbie Chelsea Doll & Car Playset, 3Y+, Multicolour - Barbie",
barbie-chelsea-doll-car-playset-3y-multicolour-barbie,,,,,,,,,,,,,,,,,https://cdn.fynd.com/v2/falling-surf-7c8bb8/fyprod/wrkr/products/pictures/item/free/original/barbie/493175462/4/0R5MDYCxGt-493175462-5_2954.webp,5,"Barbie Chelsea Doll & Car Playset, 3Y+, Multicolour - Barbie",
barbie-chelsea-doll-car-playset-3y-multicolour-barbie,,,,,,,,,,,,,,,,,https://cdn.fynd.com/v2/falling-surf-7c8bb8/fyprod/wrkr/products/pictures/item/free/original/barbie/493175462/0/Ddhs5JY8qd-493175462-1_4358.webp,6,"Barbie Chelsea Doll & Car Playset, 3Y+, Multicolour - Barbie",
barbie-65th-anniversary-collectible-doll-3y-multicolour-barbie,"Barbie 65th Anniversary Collectible Doll, 3Y+, Multicolour - Barbie",<p>Celebrate the 65th anniversary of Barbie with this commemorative Barbie doll! She rocks a pink and white striped dress accented by a black bow detail at the neckline| Pearly earrings and pink heels complete her classic look! This doll makes a lovely gift for both kids and Barbie fans of any age| Doll cannot stand alone| Colors and decorations may vary|</p>,,Dolls,"toys, dolls, barbie, 4-7-years, 8+-years, pretend-and-play, indian-doll, trending-now, trending-products",TRUE,,,,,deny,manual,999.00,,TRUE,TRUE,https://cdn.fynd.com/v2/falling-surf-7c8bb8/fyprod/wrkr/products/pictures/item/free/original/barbie/494423352/1/lMaMfUn6v1-494423352-2_3256.webp,1,"Barbie 65th Anniversary Collectible Doll, 3Y+, Multicolour - Barbie",active
barbie-65th-anniversary-collectible-doll-3y-multicolour-barbie,,,,,,,,,,,,,,,,,https://cdn.fynd.com/v2/falling-surf-7c8bb8/fyprod/wrkr/products/pictures/item/free/original/barbie/494423352/2/wCFNyzcF__-494423352-3_4049.webp,2,"Barbie 65th Anniversary Collectible Doll, 3Y+, Multicolour - Barbie",
barbie-65th-anniversary-collectible-doll-3y-multicolour-barbie,,,,,,,,,,,,,,,,,https://cdn.fynd.com/v2/falling-surf-7c8bb8/fyprod/wrkr/products/pictures/item/free/original/barbie/494423352/3/FZtoll8W8OQ-494423352-4_9342.webp,3,"Barbie 65th Anniversary Collectible Doll, 3Y+, Multicolour - Barbie",
barbie-65th-anniversary-collectible-doll-3y-multicolour-barbie,,,,,,,,,,,,,,,,,https://cdn.fynd.com/v2/falling-surf-7c8bb8/fyprod/wrkr/products/pictures/item/free/original/barbie/494423352/4/XEwYCWhFaND-494423352-5_9872.webp,4,"Barbie 65th Anniversary Collectible Doll, 3Y+, Multicolour - Barbie",
barbie-65th-anniversary-collectible-doll-3y-multicolour-barbie,,,,,,,,,,,,,,,,,https://cdn.fynd.com/v2/falling-surf-7c8bb8/fyprod/wrkr/products/pictures/item/free/original/barbie/494423352/5/FUZcZw1zCz3-494423352-6_8482.webp,5,"Barbie 65th Anniversary Collectible Doll, 3Y+, Multicolour - Barbie",
barbie-65th-anniversary-collectible-doll-3y-multicolour-barbie,,,,,,,,,,,,,,,,,https://cdn.fynd.com/v2/falling-surf-7c8bb8/fyprod/wrkr/products/pictures/item/free/original/barbie/494423352/0/DPVNSfFcZr-494423352-1_2895.webp,6,"Barbie 65th Anniversary Collectible Doll, 3Y+, Multicolour - Barbie",
disney-princess-island-adventure-moana-doll-3y-multicolour-disney-princess,"Disney Princess Island Adventure Moana Doll, 3Y+, Multicolour - Disney Princess","<p>Epic ocean quests await with Island Adventure Moana doll, inspired by Disney's Moana| This fashion doll is ready to discover all that the island has to offer in her signature two-piece outfit| Help Moana doll collect treasures like a seashell and fruits or style her flower crown and necklace| Fans can re-create their favorite movie moments or embark on their own storytelling excursions! Doll cannot stand alone| Colors and decorations may vary|</p>",,Dolls,"toys, dolls, barbie, 4-7-years, 8+-years, pretend-and-play, indian-doll, trending-now, trending-products, moana, disney-princess, trending-products",TRUE,,,,,deny,manual,1499.00,,TRUE,TRUE,https://cdn.fynd.com/v2/falling-surf-7c8bb8/fyprod/wrkr/products/pictures/item/free/original/disney-princess/494423748/0/-pPGkQnK0T-494423748-1_9889.webp,1,"Disney Princess Island Adventure Moana Doll, 3Y+, Multicolour - Disney Princess",active
disney-princess-island-adventure-moana-doll-3y-multicolour-disney-princess,,,,,,,,,,,,,,,,,https://cdn.fynd.com/v2/falling-surf-7c8bb8/fyprod/wrkr/products/pictures/item/free/original/disney-princess/494423748/1/PNf1DpWcv9-494423748-2_8738.webp,2,"Disney Princess Island Adventure Moana Doll, 3Y+, Multicolour - Disney Princess",
disney-princess-island-adventure-moana-doll-3y-multicolour-disney-princess,,,,,,,,,,,,,,,,,https://cdn.fynd.com/v2/falling-surf-7c8bb8/fyprod/wrkr/products/pictures/item/free/original/disney-princess/494423748/2/TanH9EHfoi-494423748-3_1668.webp,3,"Disney Princess Island Adventure Moana Doll, 3Y+, Multicolour - Disney Princess",
disney-princess-island-adventure-moana-doll-3y-multicolour-disney-princess,,,,,,,,,,,,,,,,,https://cdn.fynd.com/v2/falling-surf-7c8bb8/fyprod/wrkr/products/pictures/item/free/original/disney-princess/494423748/3/8th66eIRiL-494423748-4_3175.webp,4,"Disney Princess Island Adventure Moana Doll, 3Y+, Multicolour - Disney Princess",
disney-princess-island-adventure-moana-doll-3y-multicolour-disney-princess,,,,,,,,,,,,,,,,,https://cdn.fynd.com/v2/falling-surf-7c8bb8/fyprod/wrkr/products/pictures/item/free/original/disney-princess/494423748/4/_zVp5LF3kC-494423748-5_3293.webp,5,"Disney Princess Island Adventure Moana Doll, 3Y+, Multicolour - Disney Princess",
disney-princess-island-adventure-moana-doll-3y-multicolour-disney-princess,,,,,,,,,,,,,,,,,https://cdn.fynd.com/v2/falling-surf-7c8bb8/fyprod/wrkr/products/pictures/item/free/original/disney-princess/494423748/5/SFzPB4YWJ--494423748-6_4232.webp,6,"Disney Princess Island Adventure Moana Doll, 3Y+, Multicolour - Disney Princess",
hasbro-gaming-elefun-friends-hungry-hungry-hippos-game-games-for-kids-age-4y-hasbro-gaming,Hasbro Gaming Elefun & Friends Hungry Hungry Hippos Game Games for Kids age 4Y+ - Hasbro Gaming,"<p>You'Ll Have A Chompin' Good Time With The Classic Hippo-Feeding Hungry Hungry Hippos Game! Hungry Hippo And His Pals Are Ready To Join In The Feeding Frenzy, And When You Release All The Marbles Onto The Game Base, They’Ll Be Chomping After Them! You Can Be Hungry Hippo, Veggie Potamus, Sweetie Potamus Or Bottomless Potamus. Whichever Hippo You Choose, You’Ll Have To Move Fast, Because If Your Hippo Chomps The Most Marbles, You Win!</p>",,Toys and Games,"toys, 4-7-years, 8+-years, multiplayer, boys, girls, trending-now, trending-products, trending-now, hasbro",TRUE,,,,,deny,manual,1499.00,,TRUE,TRUE,https://cdn.fynd.com/v2/falling-surf-7c8bb8/fyprod/wrkr/products/pictures/item/free/original/000000000491668402/z0CrJhdfuQ-491668402-1.jpg,1,Hasbro Gaming Elefun & Friends Hungry Hungry Hippos Game Games for Kids age 4Y+ - Hasbro Gaming,active
hasbro-gaming-elefun-friends-hungry-hungry-hippos-game-games-for-kids-age-4y-hasbro-gaming,,,,,,,,,,,,,,,,,https://cdn.fynd.com/v2/falling-surf-7c8bb8/fyprod/wrkr/products/pictures/item/free/original/000000000491668402/o4yYWCKKO_-491668402-2.jpg,2,Hasbro Gaming Elefun & Friends Hungry Hungry Hippos Game Games for Kids age 4Y+ - Hasbro Gaming,
hasbro-gaming-elefun-friends-hungry-hungry-hippos-game-games-for-kids-age-4y-hasbro-gaming,,,,,,,,,,,,,,,,,https://cdn.fynd.com/v2/falling-surf-7c8bb8/fyprod/wrkr/products/pictures/item/free/original/000000000491668402/mtNgJEf5mY-491668402-3.jpg,3,Hasbro Gaming Elefun & Friends Hungry Hungry Hippos Game Games for Kids age 4Y+ - Hasbro Gaming,
hasbro-gaming-elefun-friends-hungry-hungry-hippos-game-games-for-kids-age-4y-hasbro-gaming,,,,,,,,,,,,,,,,,https://cdn.fynd.com/v2/falling-surf-7c8bb8/fyprod/wrkr/products/pictures/item/free/original/000000000491668402/rAryDXkn5C-491668402-4.jpg,4,Hasbro Gaming Elefun & Friends Hungry Hungry Hippos Game Games for Kids age 4Y+ - Hasbro Gaming,
hasbro-gaming-elefun-friends-hungry-hungry-hippos-game-games-for-kids-age-4y-hasbro-gaming,,,,,,,,,,,,,,,,,https://cdn.fynd.com/v2/falling-surf-7c8bb8/fyprod/wrkr/products/pictures/item/free/original/000000000491668402/nKlfnAHbGO-491668402-5.jpg,5,Hasbro Gaming Elefun & Friends Hungry Hungry Hippos Game Games for Kids age 4Y+ - Hasbro Gaming,
playshifu-zeezee-the-smart-storyteller-interactive-unicorn-plush-toy-3y-playshifu,"Playshifu Zeezee - The Smart Storyteller Interactive Unicorn Plush Toy, 3Y+ - Playshifu","<p>Playshifu Zeezee is an interactive unicorn plush toy that is perfect for children aged 3 and up. It has two modes: Offline and Bluetooth. In Offline mode, your child can play with Zeezee straight out of the box. The plush comes preloaded with loads of stories, rhymes, and fun activities. In Bluetooth mode, you can connect Zeezee to your device and get access to all her content and cool features with the Lovabies app. You can also enjoy new content every fortnight absolutely free! Zeezee is a great way to spark creativity and imagination, build vocabulary, boost memory, and encourage pretend play.</p>",,Toys and Games,"toys, 4-7-years, 8+-years, girls, trending-now, trending-products, trending-now, playshifu, interactive-toy, smart-toy, learning, music, unicorn",TRUE,,,,,deny,manual,2999.00,,TRUE,TRUE,https://cdn.fynd.com/v2/falling-surf-7c8bb8/fyprod/wrkr/products/pictures/item/free/original/playshifu/494444981/0/UiZc_dfa-X-494444981-1_1961.webp,1,"Playshifu Zeezee - The Smart Storyteller Interactive Unicorn Plush Toy, 3Y+ - Playshifu",active
playshifu-zeezee-the-smart-storyteller-interactive-unicorn-plush-toy-3y-playshifu,,,,,,,,,,,,,,,,,https://cdn.fynd.com/v2/falling-surf-7c8bb8/fyprod/wrkr/products/pictures/item/free/original/playshifu/494444981/1/Dt8mp3_bm5-494444981-2_3984.webp,2,"Playshifu Zeezee - The Smart Storyteller Interactive Unicorn Plush Toy, 3Y+ - Playshifu",
playshifu-zeezee-the-smart-storyteller-interactive-unicorn-plush-toy-3y-playshifu,,,,,,,,,,,,,,,,,https://cdn.fynd.com/v2/falling-surf-7c8bb8/fyprod/wrkr/products/pictures/item/free/original/playshifu/494444981/2/lWLu79Zp1b-494444981-3_2963.webp,3,"Playshifu Zeezee - The Smart Storyteller Interactive Unicorn Plush Toy, 3Y+ - Playshifu",
playshifu-zeezee-the-smart-storyteller-interactive-unicorn-plush-toy-3y-playshifu,,,,,,,,,,,,,,,,,https://cdn.fynd.com/v2/falling-surf-7c8bb8/fyprod/wrkr/products/pictures/item/free/original/playshifu/494444981/3/PKVwXMRiiW-494444981-4_8128.webp,4,"Playshifu Zeezee - The Smart Storyteller Interactive Unicorn Plush Toy, 3Y+ - Playshifu",
playshifu-zeezee-the-smart-storyteller-interactive-unicorn-plush-toy-3y-playshifu,,,,,,,,,,,,,,,,,https://cdn.fynd.com/v2/falling-surf-7c8bb8/fyprod/wrkr/products/pictures/item/free/original/playshifu/494444981/4/SYg_reeYrm-494444981-5_8913.webp,5,"Playshifu Zeezee - The Smart Storyteller Interactive Unicorn Plush Toy, 3Y+ - Playshifu",
playshifu-zeezee-the-smart-storyteller-interactive-unicorn-plush-toy-3y-playshifu,,,,,,,,,,,,,,,,,https://cdn.fynd.com/v2/falling-surf-7c8bb8/fyprod/wrkr/products/pictures/item/free/original/playshifu/494444981/5/8a_PUn9ogn-494444981-6_6221.webp,6,"Playshifu Zeezee - The Smart Storyteller Interactive Unicorn Plush Toy, 3Y+ - Playshifu",
playshifu-zeezee-the-smart-storyteller-interactive-unicorn-plush-toy-3y-playshifu,,,,,,,,,,,,,,,,,https://cdn.fynd.com/v2/falling-surf-7c8bb8/fyprod/wrkr/products/pictures/item/free/original/playshifu/494444981/6/Ac7HiKEuYB-494444981-7_6538.webp,7,"Playshifu Zeezee - The Smart Storyteller Interactive Unicorn Plush Toy, 3Y+ - Playshifu",
dragon-i-little-unicorn-touch-and-talk-electronic-dinosaur-toys-for-kids-2y-multicolour-dragon-i,"Dragon I Little Unicorn Touch and Talk Electronic Dinosaur Toys for Kids 2Y+, Multicolour - Dragon I",<p>This adorable Unicorn plays magical sound effects. The talk back function helps fuel creativity and communication skills.</p>,,Toys and Games,"toys, 4-7-years, 8+-years, girls, trending-now, trending-products, trending-now, playshifu, interactive-toy, smart-toy, learning, music, unicorn",TRUE,,,,,deny,manual,1299.00,,TRUE,TRUE,https://cdn.fynd.com/v2/falling-surf-7c8bb8/fyprod/wrkr/products/pictures/item/free/original/dragon-i/16960/0/28w7AEUwNQ-492410228-1_9833.webp,1,"Dragon I Little Unicorn Touch and Talk Electronic Dinosaur Toys for Kids 2Y+, Multicolour - Dragon I",active
dragon-i-little-unicorn-touch-and-talk-electronic-dinosaur-toys-for-kids-2y-multicolour-dragon-i,,,,,,,,,,,,,,,,,https://cdn.fynd.com/v2/falling-surf-7c8bb8/fyprod/wrkr/products/pictures/item/free/original/dragon-i/16960/1/JMHP7A0kv1-492410228-3_5017.webp,2,"Dragon I Little Unicorn Touch and Talk Electronic Dinosaur Toys for Kids 2Y+, Multicolour - Dragon I",
dragon-i-little-unicorn-touch-and-talk-electronic-dinosaur-toys-for-kids-2y-multicolour-dragon-i,,,,,,,,,,,,,,,,,https://cdn.fynd.com/v2/falling-surf-7c8bb8/fyprod/wrkr/products/pictures/item/free/original/dragon-i/16960/2/e0W5dZcder-492410228-4_7648.webp,3,"Dragon I Little Unicorn Touch and Talk Electronic Dinosaur Toys for Kids 2Y+, Multicolour - Dragon I",
dragon-i-little-unicorn-touch-and-talk-electronic-dinosaur-toys-for-kids-2y-multicolour-dragon-i,,,,,,,,,,,,,,,,,https://cdn.fynd.com/v2/falling-surf-7c8bb8/fyprod/wrkr/products/pictures/item/free/original/dragon-i/16960/3/kR9q6KNm8u-492410228-5_6823.webp,4,"Dragon I Little Unicorn Touch and Talk Electronic Dinosaur Toys for Kids 2Y+, Multicolour - Dragon I",
dragon-i-little-unicorn-touch-and-talk-electronic-dinosaur-toys-for-kids-2y-multicolour-dragon-i,,,,,,,,,,,,,,,,,https://cdn.fynd.com/v2/falling-surf-7c8bb8/fyprod/wrkr/products/pictures/item/free/original/dragon-i/16960/4/V-p9Uarwdo-492410228-6_2039.webp,5,"Dragon I Little Unicorn Touch and Talk Electronic Dinosaur Toys for Kids 2Y+, Multicolour - Dragon I",
dragon-i-little-unicorn-touch-and-talk-electronic-dinosaur-toys-for-kids-2y-multicolour-dragon-i,,,,,,,,,,,,,,,,,https://cdn.fynd.com/v2/falling-surf-7c8bb8/fyprod/wrkr/products/pictures/item/free/original/dragon-i/16960/5/EEl_-r4Hgk-492410228-7_8885.webp,6,"Dragon I Little Unicorn Touch and Talk Electronic Dinosaur Toys for Kids 2Y+, Multicolour - Dragon I",
dragon-i-little-unicorn-touch-and-talk-electronic-dinosaur-toys-for-kids-2y-multicolour-dragon-i,,,,,,,,,,,,,,,,,https://cdn.fynd.com/v2/falling-surf-7c8bb8/fyprod/wrkr/products/pictures/item/free/original/dragon-i/16960/6/1edXfrSTrp-492410228-8_6742.webp,7,"Dragon I Little Unicorn Touch and Talk Electronic Dinosaur Toys for Kids 2Y+, Multicolour - Dragon I",
dragon-i-little-unicorn-touch-and-talk-electronic-dinosaur-toys-for-kids-2y-multicolour-dragon-i,,,,,,,,,,,,,,,,,https://cdn.fynd.com/v2/falling-surf-7c8bb8/fyprod/wrkr/products/pictures/item/free/original/dragon-i/16960/7/94vkSaJTN0-492410228-2_9873.webp,8,"Dragon I Little Unicorn Touch and Talk Electronic Dinosaur Toys for Kids 2Y+, Multicolour - Dragon I",
bloomingo-unicorn-universe-a-6-in-1-diy-art-craft-kit-ages-4-bloomingo,"Bloomingo Unicorn Universe - A 6-In-1 DIY Art & Craft Kit, Ages 4+ - Bloomingo","<p>Shop premium toys & games online at Hamleys India. Explore LEGO sets, Barbie dolls, Hot Wheels cars, soft toys, puzzles, board games & more. Perfect gifts for kids of all ages with safe, high-quality designs. Order now to avail great discounts & offers at Hamleys India Online. Get fast delivery, easy returns & Cash on Delivery (COD) available. Order now for exciting offers! Discover top-quality toys, perfect for gifting and playtime!</p>",,Toys and Games,"toys, 4-7-years, 8+-years, girls, trending-now, trending-products, trending-now, diy-toys, learning, unicorn",TRUE,,,,,deny,manual,1499.00,,TRUE,TRUE,https://cdn.fynd.com/v2/falling-surf-7c8bb8/fyprod/wrkr/products/pictures/item/free/original/bloomingo/494500660/0/Dtci-MdEI7C-494500660-1_5891.webp,1,"Bloomingo Unicorn Universe - A 6-In-1 DIY Art & Craft Kit, Ages 4+ - Bloomingo",active
bloomingo-unicorn-universe-a-6-in-1-diy-art-craft-kit-ages-4-bloomingo,,,,,,,,,,,,,,,,,https://cdn.fynd.com/v2/falling-surf-7c8bb8/fyprod/wrkr/products/pictures/item/free/original/bloomingo/494500660/1/c4xhIOgH8ZL-494500660-2_4816.webp,2,"Bloomingo Unicorn Universe - A 6-In-1 DIY Art & Craft Kit, Ages 4+ - Bloomingo",
bloomingo-unicorn-universe-a-6-in-1-diy-art-craft-kit-ages-4-bloomingo,,,,,,,,,,,,,,,,,https://cdn.fynd.com/v2/falling-surf-7c8bb8/fyprod/wrkr/products/pictures/item/free/original/bloomingo/494500660/2/PKMt3g5lDb8-494500660-3_9349.webp,3,"Bloomingo Unicorn Universe - A 6-In-1 DIY Art & Craft Kit, Ages 4+ - Bloomingo",
bloomingo-unicorn-universe-a-6-in-1-diy-art-craft-kit-ages-4-bloomingo,,,,,,,,,,,,,,,,,https://cdn.fynd.com/v2/falling-surf-7c8bb8/fyprod/wrkr/products/pictures/item/free/original/bloomingo/494500660/3/K7vy8QOHfnt-494500660-4_5078.webp,4,"Bloomingo Unicorn Universe - A 6-In-1 DIY Art & Craft Kit, Ages 4+ - Bloomingo",
bloomingo-unicorn-universe-a-6-in-1-diy-art-craft-kit-ages-4-bloomingo,,,,,,,,,,,,,,,,,https://cdn.fynd.com/v2/falling-surf-7c8bb8/fyprod/wrkr/products/pictures/item/free/original/bloomingo/494500660/4/iaW08vJrLLa-494500660-5_4373.webp,5,"Bloomingo Unicorn Universe - A 6-In-1 DIY Art & Craft Kit, Ages 4+ - Bloomingo",
bloomingo-unicorn-universe-a-6-in-1-diy-art-craft-kit-ages-4-bloomingo,,,,,,,,,,,,,,,,,https://cdn.fynd.com/v2/falling-surf-7c8bb8/fyprod/wrkr/products/pictures/item/free/original/bloomingo/494500660/5/FwPyoPs9j31-494500660-6_1273.webp,6,"Bloomingo Unicorn Universe - A 6-In-1 DIY Art & Craft Kit, Ages 4+ - Bloomingo",
skillmatics-magical-scratch-unicorns-princesses-3y-multicolour-skillmatics,"Skillmatics Magical Scratch Unicorns & Princesses, 3Y+, Multicolour - Skillmatics","<p>Skillmatics introduces Magical Scratch Unicorns & Princesses, an imaginative and creative scratch art book tailored for children aged 3 and above. This enchanting product combines the thrill of revealing vibrant pictures with the joy of personalizing the magical scenes.\n\nThe magical journey begins as children draw and scratch over the pre-designed images, unveiling a burst of colors beneath the surface. Each stroke of the scratch tool adds to the allure, creating stunning pictures of unicorns and princesses. This tactile and interactive process not only enhances fine motor skills but also fosters creativity as young artists bring the scenes to life.\n\nAdding an extra layer of magic, the kit includes scratch-art stickers. Children can let their creativity soar by crafting unique stickers featuring rainbows, stars, castles, and other enchanting elements. These stickers can be applied to the scratch art scenes or used in other artistic endeavors, providing endless possibilities for imaginative expression.\n\nMagical Scratch Unicorns & Princesses offers a delightful and engaging experience, encouraging children to explore their artistic talents while immersing themselves in a world of fantasy. It's not just an art activity; it's a magical journey of creativity and self-expression</p>",,Stationary,"stationary, creative-kit, scratch-kit, unicorn, girls, 4-7-years, 8+-years, 1-3-years, diy-toys, imagination, skillmatics",TRUE,,,,,deny,manual,599.00,,TRUE,TRUE,https://cdn.fynd.com/v2/falling-surf-7c8bb8/fyprod/wrkr/products/pictures/item/free/original/skillmatics/494347879/0/VGVA8GqIjfq-494347879-1.jpg,1,"Skillmatics Magical Scratch Unicorns & Princesses, 3Y+, Multicolour - Skillmatics",active
skillmatics-magical-scratch-unicorns-princesses-3y-multicolour-skillmatics,,,,,,,,,,,,,,,,,https://cdn.fynd.com/v2/falling-surf-7c8bb8/fyprod/wrkr/products/pictures/item/free/original/skillmatics/494347879/1/bVwSEjEHUF7-494347879-2.jpg,2,"Skillmatics Magical Scratch Unicorns & Princesses, 3Y+, Multicolour - Skillmatics",
skillmatics-magical-scratch-unicorns-princesses-3y-multicolour-skillmatics,,,,,,,,,,,,,,,,,https://cdn.fynd.com/v2/falling-surf-7c8bb8/fyprod/wrkr/products/pictures/item/free/original/skillmatics/494347879/2/7zhRborabNd-494347879-3.jpg,3,"Skillmatics Magical Scratch Unicorns & Princesses, 3Y+, Multicolour - Skillmatics",
skillmatics-magical-scratch-unicorns-princesses-3y-multicolour-skillmatics,,,,,,,,,,,,,,,,,https://cdn.fynd.com/v2/falling-surf-7c8bb8/fyprod/wrkr/products/pictures/item/free/original/skillmatics/494347879/3/xo_HoP5RwSb-494347879-4.jpg,4,"Skillmatics Magical Scratch Unicorns & Princesses, 3Y+, Multicolour - Skillmatics",
skillmatics-magical-scratch-unicorns-princesses-3y-multicolour-skillmatics,,,,,,,,,,,,,,,,,https://cdn.fynd.com/v2/falling-surf-7c8bb8/fyprod/wrkr/products/pictures/item/free/original/skillmatics/494347879/4/Pu_RN_bjJQv-494347879-5.jpg,5,"Skillmatics Magical Scratch Unicorns & Princesses, 3Y+, Multicolour - Skillmatics",
skillmatics-magical-scratch-unicorns-princesses-3y-multicolour-skillmatics,,,,,,,,,,,,,,,,,https://cdn.fynd.com/v2/falling-surf-7c8bb8/fyprod/wrkr/products/pictures/item/free/original/skillmatics/494347879/5/hLyxWmFyllF-494347879-6.jpg,6,"Skillmatics Magical Scratch Unicorns & Princesses, 3Y+, Multicolour - Skillmatics",
skillmatics-magical-scratch-unicorns-princesses-3y-multicolour-skillmatics,,,,,,,,,,,,,,,,,https://cdn.fynd.com/v2/falling-surf-7c8bb8/fyprod/wrkr/products/pictures/item/free/original/skillmatics/494347879/6/CrCIrTup82z-494347879-7.jpg,7,"Skillmatics Magical Scratch Unicorns & Princesses, 3Y+, Multicolour - Skillmatics",
skillmatics-magical-scratch-unicorns-princesses-3y-multicolour-skillmatics,,,,,,,,,,,,,,,,,https://cdn.fynd.com/v2/falling-surf-7c8bb8/fyprod/wrkr/products/pictures/item/free/original/skillmatics/494347879/7/U4Exa7El721-494347879-8.jpg,8,"Skillmatics Magical Scratch Unicorns & Princesses, 3Y+, Multicolour - Skillmatics",
skillmatics-magical-scratch-unicorns-princesses-3y-multicolour-skillmatics,,,,,,,,,,,,,,,,,https://cdn.fynd.com/v2/falling-surf-7c8bb8/fyprod/wrkr/products/pictures/item/free/original/skillmatics/494347879/8/tS_mLG2t-7b-494347879-9.jpg,9,"Skillmatics Magical Scratch Unicorns & Princesses, 3Y+, Multicolour - Skillmatics",
